caso,descripcion,N,ref_mean,ref_var,ref_min,ref_max,esc_mean,esc_var,vec_mean,vec_var,esc_err_stats,esc_err_norm,vec_err_stats,vec_err_norm,err_esc_vs_vec,resultado
N0,"N = 0, aleatorio [-100, 100]",0,0.0,0.0,0.0,0.0,0.0,0.0,0.0,0.0,0.0,0.0,0.0,0.0,0.0,PASA
N1,"N = 1, aleatorio [-100, 100]",1,16.230426788330078,0.0,16.230426788330078,16.230426788330078,16.2304268,0.0,16.2304268,0.0,7.19015098610446e-10,0.0,7.19015098610446e-10,0.0,0.0,PASA
N7,"N = 7, aleatorio [-100, 100]",7,-3.2238254887717113,2771.3031356184897,-72.43668365478516,94.4561996459961,-3.22382569,2771.30298,-3.22382569,2771.30298,7.43835912297822e-08,1.1858598103406725e-07,7.43835912297822e-08,1.1858598103406725e-07,0.0,PASA
N8,"N = 8, aleatorio [-100, 100]",8,-25.50318932533264,3316.8317139769556,-83.81758117675781,76.08812713623047,-25.5031891,3316.83203,-25.5031891,3316.83203,9.52785886308229e-08,7.15477026715679e-08,9.52785886308229e-08,7.15477026715679e-08,0.0,PASA
N15,"N = 15, aleatorio [-100, 100]",15,6.8206546624501545,4072.357734434376,-91.64720153808594,98.28897857666016,6.8206563,4072.35718,6.82065535,4072.35767,2.4497401805481904e-07,1.5057869732898874e-07,1.008040839960504e-07,8.292637070463779e-08,1.0513215216659493e-07,PASA
N16,"N = 16, aleatorio [-100, 100]",16,8.781492933630943,1935.2374737279833,-98.2540054321289,73.06094360351562,8.78149223,1935.23743,8.78149223,1935.23755,8.012657404047545e-08,7.181560879310211e-08,8.012657404047545e-08,1.5216177875532445e-07,1.1463390001837581e-07,PASA
N1000,"N = 1000, aleatorio [-100, 100]",1000,-0.2806584478467703,3316.9722797942422,-99.93705749511719,99.7832260131836,-0.280658931,3316.97217,-0.280659169,3316.97241,1.7393142214013217e-06,1.185674043460309e-07,2.608698349622726e-06,1.185674043460309e-07,1.4901161193847656e-08,PASA
const5,"N = 1000, todos = 5.0 (sigma = 0)",1000,5.0,0.0,5.0,5.0,5.0,0.0,5.0,0.0,0.0,0.0,0.0,0.0,0.0,PASA
const01,"N = 1001, todos = 0.1 (sigma = 0, no exacto)",1001,0.10000000149011612,0.0,0.10000000149011612,0.10000000149011612,0.100000001,0.0,0.100000001,0.0,9.555360559229215e-06,0.0,8.841997246761159e-07,0.0,0.0,PASA
neg,"N = 1001, negativos [-1000, -1]",1001,-482.7275283071068,86847.38847120898,-998.793701171875,-1.1785091161727905,-482.727417,86847.4688,-482.727539,86847.3828,9.249419290317585e-07,9.056321981750661e-07,6.530085787947645e-08,1.9524844941271955e-07,9.936389442873268e-07,PASA
ext,"N = 1001, extremos +-[1e15, 1e16]",1001,118832374510750.56,3.60333233874185e+31,-9998331677769728.0,9993729620312064.0,118832316000000.0,3.60333155e+31,118832409000000.0,3.60333228e+31,5.118507235553237e-07,2.0752854047071085e-07,2.902344548739099e-07,1.0681187363916534e-07,2.3720535092574725e-07,PASA
edge,"N = 1000, mezcla +-1e6, 0, +-1e-4, +-1",1000,-0.001,286000000000.285,-1000000.0,1000000.0,-0.00100000005,286000677000.0,-0.00100000005,285999923000.0,2.3671318707209122e-06,1.1867798060518143e-06,2.692317656400972e-07,9.025814504081511e-08,1.275039464065212e-06,PASA
